Akryum,kazupon,yyx990803,posva,sdras,znck,blake-newman,phanan,egoist,,,,,
HerringtonDarkholme,liximomo,,,,,,,,,,,,
Justineo,kazupon,Jinjiang,tj,,,,,,,,,,
Kingwl,kazupon,Jinjiang,yyx990803,posva,,,,,,,,,
bencodezen,yyx990803,posva,sdras,chrisvfritz,shentao,,,,,,,,
blake-newman,yyx990803,,,,,,,,,,,,
chrisvfritz,yyx990803,,,,,,,,,,,,
defcc,tj,fnlctrl,,,,,,,,,,,
fnlctrl,kazupon,yyx990803,ktsn,chrisvfritz,defcc,HerringtonDarkholme,egoist,,,,,,
gebilaoxiong,Jinjiang,yyx990803,tj,defcc,HerringtonDarkholme,Kingwl,egoist,,,,,,
gustojs,bencodezen,egoist,,,,,,,,,,,
hootlex,kazupon,yyx990803,posva,ktsn,sdras,chrisvfritz,znck,Akryum,blake-newman,phanan,egoist,,
javoski,yyx990803,Justineo,Akryum,HerringtonDarkholme,egoist,tj,,,,,,,
jkzing,Jinjiang,yyx990803,dead-horse,Justineo,HerringtonDarkholme,Kingwl,,,,,,,
kazupon,Jinjiang,yyx990803,posva,Justineo,shentao,kiaking,octref,,,,,,
kiaking,kazupon,yyx990803,posva,Justineo,ktsn,chrisvfritz,Akryum,shentao,,,,,
ktsn,tj,kazupon,yyx990803,posva,HerringtonDarkholme,fnlctrl,egoist,,,,,,
liximomo,tj,yyx990803,chrisvfritz,HerringtonDarkholme,,,,,,,,,
mysticatea,tj,kazupon,yyx990803,egoist,,,,,,,,,
nickmessing,kazupon,yyx990803,sdras,egoist,,,,,,,,,
octref,tj,yyx990803,mysticatea,ktsn,HerringtonDarkholme,egoist,,,,,,,
ota-meshi,kazupon,yyx990803,mysticatea,chrisvfritz,,,,,,,,,
phanan,yyx990803,sdras,Akryum,shentao,egoist,,,,,,,,
posva,tj,kazupon,yyx990803,Justineo,ktsn,sdras,chrisvfritz,znck,Akryum,shentao,Kingwl,phanan,egoist
sdras,kazupon,Jinjiang,yyx990803,posva,Justineo,chrisvfritz,Akryum,,,,,,
shentao,yyx990803,egoist,,,,,,,,,,,
simplesmiler,yyx990803,egoist,,,,,,,,,,,
sodatea,tj,yyx990803,dead-horse,Justineo,ota-meshi,,,,,,,,
ulivz,tj,kazupon,fengmk2,Jinjiang,yyx990803,posva,dead-horse,Justineo,ktsn,sdras,sodatea,octref,egoist
yyx990803,tj,Jinjiang,egoist,,,,,,,,,,
znck,yyx990803,chrisvfritz,egoist,gebilaoxiong,,,,,,,,,
Fishrock123,tj,,,,,,,,,,,,
LinusU,juliangruber,tj,,,,,,,,,,,
blakeembrey,mikeal,juliangruber,tj,LinusU,jonathanong,dead-horse,,,,,,,
dead-horse,juliangruber,tj,fengmk2,yyx990803,mikermcneil,jonathanong,,,,,,,
dougwilson,tj,jonathanong,,,,,,,,,,,
fed135,juliangruber,tj,mikermcneil,,,,,,,,,,
fengmk2,juliangruber,tj,Jinjiang,yyx990803,jonathanong,dead-horse,rlidwka,,,,,,
gireeshpunathil,ritch,,,,,,,,,,,,
hacksparrow,tj,jonathanong,,,,,,,,,,,
jonathanong,juliangruber,tj,fengmk2,niftylettuce,dead-horse,rlidwka,blakeembrey,,,,,,
juliangruber,mikeal,tj,,,,,,,,,,,
mikeal,juliangruber,tj,,,,,,,,,,,
mikermcneil,mikeal,,,,,,,,,,,,
niftylettuce,tj,,,,,,,,,,,,
ritch,tj,,,,,,,,,,,,
rlidwka,dougwilson,,,,,,,,,,,,
scottcorgan,mikeal,tj,dougwilson,,,,,,,,,,
wesleytodd,dougwilson,,,,,,,,,,,,
